cyl,avg,sd
6,19.742857142857144,1.4535670410604187
8,15.1,2.5600480764716416
4,26.663636363636364,4.509827652421482
